1.781855999910234356e+00,7.097046094379884096e-01,0.000000000000000000e+00
-2.360480501179375246e+00,-2.250217151157974715e+00,0.000000000000000000e+00
-1.741256187269450528e+00,-2.262250238397289337e+00,0.000000000000000000e+00
-1.926590591423498644e+00,-2.541142274356412933e+00,0.000000000000000000e+00
-2.059363269322415757e+00,-1.983037963341893528e+00,0.000000000000000000e+00
-2.168926618256238115e+00,-1.923389135707551878e+00,0.000000000000000000e+00
2.408022417468504539e+00,2.270971149190508687e+00,0.000000000000000000e+00
1.242675475916040106e+00,1.356311500436891748e+00,0.000000000000000000e+00
-1.953915209242324202e+00,-2.243922248630844773e+00,0.000000000000000000e+00
1.581529893907405393e+00,1.798978460516254874e+00,0.000000000000000000e+00
1.788227213312099773e+00,1.452620476987322995e+00,0.000000000000000000e+00
1.628347150013118583e+00,2.123072996027890014e+00,0.000000000000000000e+00
1.404966976613235996e+00,1.521600907157168558e+00,0.000000000000000000e+00
-2.174851906778639155e+00,-1.573225196036287965e+00,0.000000000000000000e+00
-2.075505388501506232e+00,-2.294010413726655706e+00,0.000000000000000000e+00
-2.132819498834209515e+00,-1.879114315707992589e+00,0.000000000000000000e+00
1.098910987047747589e+00,3.775197017286191059e+00,0.000000000000000000e+00
1.190270042824701502e+00,3.306545093005033742e+00,0.000000000000000000e+00
-2.680632305111599667e+00,-2.454125796407849336e+00,0.000000000000000000e+00
-1.798507507487081103e+00,-2.053512573008610342e+00,0.000000000000000000e+00
-1.906157347545590630e+00,-1.719054280855691008e+00,0.000000000000000000e+00
2.044206575508210388e+00,2.814613875615842087e+00,0.000000000000000000e+00
1.686774126703919796e+00,2.565197900777710593e+00,0.000000000000000000e+00
-1.631458743251954058e+00,-2.098224610737632556e+00,0.000000000000000000e+00
-1.856055099993421109e+00,-1.846343547782671957e+00,0.000000000000000000e+00
-1.516753827029734714e+00,-1.818469019106084161e+00,0.000000000000000000e+00
-2.336465545591642101e+00,-2.214950586590913151e+00,0.000000000000000000e+00
-1.847704009384969259e+00,-1.579414567558740767e+00,0.000000000000000000e+00
2.381565997092861764e+00,2.303795328554307353e+00,0.000000000000000000e+00
1.862423242901005915e+00,2.099439013124150932e+00,0.000000000000000000e+00
-2.032816449175613993e+00,-2.098073595929943469e+00,0.000000000000000000e+00
-1.965454989333542679e+00,-2.245177552159401291e+00,0.000000000000000000e+00
1.863459285906649221e+00,3.302137635588723086e+00,0.000000000000000000e+00
-2.566208556118667161e+00,-1.946079407212834678e+00,0.000000000000000000e+00
9.025810515406142986e-01,1.977345329404120999e+00,0.000000000000000000e+00
2.925351170494676634e+00,2.041851944133902919e+00,0.000000000000000000e+00
3.725339540645423497e+00,1.336450198178491755e+00,0.000000000000000000e+00
-1.888986366249314486e+00,-1.733105908277383866e+00,0.000000000000000000e+00
-1.903437513876990783e+00,-2.791198506260981649e+00,0.000000000000000000e+00
-2.488445256989185950e+00,-2.001137727476591799e+00,0.000000000000000000e+00
-2.095015109761064753e+00,-1.876098894707794562e+00,0.000000000000000000e+00
-1.710682291908301789e+00,-1.596042078202499326e+00,0.000000000000000000e+00
-1.991531632703367416e+00,-2.109987255515865634e+00,0.000000000000000000e+00
-1.982319136234977464e+00,-1.808844335319856000e+00,0.000000000000000000e+00
1.688966222011144325e+00,3.319548539210850802e+00,0.000000000000000000e+00
-1.361632985340278879e+00,-2.193492541473315516e+00,0.000000000000000000e+00
-2.713778489764548496e+00,-1.612477068701820393e+00,0.000000000000000000e+00
-2.324786037464850796e+00,-2.217633648023116244e+00,0.000000000000000000e+00
3.105678978913661847e+00,8.913133967450701522e-01,0.000000000000000000e+00
-1.972472688107007155e+00,-2.110941128648911480e+00,0.000000000000000000e+00
-2.051323456369269049e+00,-1.880639869372722428e+00,0.000000000000000000e+00
3.137152090839617102e+00,5.384757513998259526e-01,0.000000000000000000e+00
1.783706391490753607e+00,1.744498706812773303e+00,0.000000000000000000e+00
-1.848884750922284326e+00,-2.051277164539944131e+00,0.000000000000000000e+00
-1.941239130796618584e+00,-2.052534501711969384e+00,0.000000000000000000e+00
-2.355773599556598263e+00,-2.067326814751087039e+00,0.000000000000000000e+00
-1.914921959716578748e+00,-2.208516173483425327e+00,0.000000000000000000e+00
2.357905033193315347e+00,2.439205760715391413e+00,0.000000000000000000e+00
-2.281849035472628628e+00,-1.696042008969209647e+00,0.000000000000000000e+00
-1.657182666172591912e+00,-1.327070132887569809e+00,0.000000000000000000e+00
-1.911898026113802329e+00,-1.553418406518047412e+00,0.000000000000000000e+00
-1.563666286828165441e+00,-2.062988221488680551e+00,0.000000000000000000e+00
-1.537985339597344181e+00,-1.622791183311892649e+00,0.000000000000000000e+00
-1.878206946572026359e+00,-2.270735316329855813e+00,0.000000000000000000e+00
-1.834384794320357059e+00,-2.025412623724339056e+00,0.000000000000000000e+00
-2.018606070386244955e+00,-1.891628371812343890e+00,0.000000000000000000e+00
-2.087307043397442996e+00,-2.036765564312215560e+00,0.000000000000000000e+00
2.523219905680453401e+00,3.439584059313988806e+00,0.000000000000000000e+00
-1.836342352061321792e+00,-1.688603783087554655e+00,0.000000000000000000e+00
1.627362271772103686e+00,2.480499778776320330e+00,0.000000000000000000e+00
-2.445244635438499348e+00,-2.591383805975112864e+00,0.000000000000000000e+00
2.532164172259684154e+00,2.001821420444422017e+00,0.000000000000000000e+00
1.260803456147133961e+00,9.619892880979870053e-01,0.000000000000000000e+00
1.473678079178735834e+00,9.945100698143110041e-01,0.000000000000000000e+00
-2.100097613316621370e+00,-2.358708086285976613e+00,0.000000000000000000e+00
1.282075737095576429e+00,1.758866193811962741e+00,0.000000000000000000e+00
-1.561759986193864913e+00,-1.892712721219793170e+00,0.000000000000000000e+00
-1.757341747806991261e+00,-1.895471678852531427e+00,0.000000000000000000e+00
2.447372066599694751e+00,2.258623738823180904e+00,0.000000000000000000e+00
-2.015430384565935817e+00,-1.455427897966937278e+00,0.000000000000000000e+00
1.323389573038624256e+00,1.671412018750672690e+00,0.000000000000000000e+00
1.788526136996884119e+00,3.233767376272646654e+00,0.000000000000000000e+00
-1.762561822390096511e+00,-2.209663653867341537e+00,0.000000000000000000e+00
-2.478485616807363900e+00,-2.280452091581914864e+00,0.000000000000000000e+00
1.810199643402533809e+00,1.014123034718182659e+00,0.000000000000000000e+00
-2.182575893213666518e+00,-2.068415752276705266e+00,0.000000000000000000e+00
-1.263336022022259364e+00,-1.332823307971350513e+00,0.000000000000000000e+00
-2.215588561519831856e+00,-1.726330130388735951e+00,0.000000000000000000e+00
-2.231019784444057130e+00,-2.449637900666696844e+00,0.000000000000000000e+00
-2.854615946371060975e+00,-1.776272917888964242e+00,0.000000000000000000e+00
2.400128880424759359e+00,1.004482174638509306e+00,0.000000000000000000e+00
1.104007583788359170e+00,1.775583116812093465e+00,0.000000000000000000e+00
1.761405201798072362e+00,1.668760461144666252e+00,0.000000000000000000e+00
6.708923728380085105e-01,2.092056884795496341e+00,0.000000000000000000e+00
-1.953558497710685460e+00,-1.435240560141143762e+00,0.000000000000000000e+00
1.496247280479323649e+00,1.116868716724357169e+00,0.000000000000000000e+00
1.214696277020375081e+00,1.466688149453012624e+00,0.000000000000000000e+00
2.491196259716810246e+00,2.280029888114561754e+00,0.000000000000000000e+00
2.582401614069523621e+00,2.698191864331784373e+00,0.000000000000000000e+00
-1.935770021329725976e+00,-2.049758029333808906e+00,0.000000000000000000e+00
2.576395471616627297e+00,2.126787492990164008e+00,0.000000000000000000e+00
2.141729747444683696e+00,2.402055465187210359e+00,0.000000000000000000e+00
2.335786752729496207e+00,4.651745881252763226e+00,0.000000000000000000e+00
2.684921636551680812e+00,1.964157906419561783e+00,0.000000000000000000e+00
-2.432426351057639380e+00,-2.276025813460138547e+00,0.000000000000000000e+00
1.674280698048862481e+00,2.985229186035030846e+00,0.000000000000000000e+00
1.795357613376241224e+00,1.932894585288540634e+00,0.000000000000000000e+00
1.238029456901394099e+00,1.914582559925544825e+00,0.000000000000000000e+00
2.298300869430001114e-01,2.602319685876007149e+00,0.000000000000000000e+00
-1.989360245764929092e+00,-2.102905893485055078e+00,0.000000000000000000e+00
-2.435270565219521455e+00,-2.277479146419431721e+00,0.000000000000000000e+00
2.504063857994732079e+00,2.058794589601511404e+00,0.000000000000000000e+00
2.887170878406801311e+00,2.268345907825068508e+00,0.000000000000000000e+00
-2.131983441682099301e+00,-1.569760833902863029e+00,0.000000000000000000e+00
-2.559952017360874965e+00,-1.588933313067544484e+00,0.000000000000000000e+00
1.618008616816319023e+00,1.876747580449929620e+00,0.000000000000000000e+00
-2.190659114457240708e+00,-1.682794954559709177e+00,0.000000000000000000e+00
-2.202398505781351101e+00,-1.889160585403665715e+00,0.000000000000000000e+00
2.178340427455247585e+00,2.897249232510328731e+00,0.000000000000000000e+00
-2.622146080486856157e+00,-2.317667448579569189e+00,0.000000000000000000e+00
2.235732439621063605e+00,1.162895633434364751e+00,0.000000000000000000e+00
2.861987053756769761e+00,3.443272805700204220e+00,0.000000000000000000e+00
1.697261956579086739e+00,1.608819651859763500e+00,0.000000000000000000e+00
-2.290592067385758046e+00,-1.588513971944361503e+00,0.000000000000000000e+00
-2.230099379840068785e+00,-1.766075321239879869e+00,0.000000000000000000e+00
1.351009457954886361e+00,3.264693226414779659e+00,0.000000000000000000e+00
1.396146913616902019e+00,1.196492768645999405e+00,0.000000000000000000e+00
-2.131044618292572856e+00,-2.073870031859627705e+00,0.000000000000000000e+00
3.565391058094882659e+00,2.178878004899464482e+00,0.000000000000000000e+00
-1.727493823419803398e+00,-2.001130967688912854e+00,0.000000000000000000e+00
2.967281313674673182e+00,1.325547119135744190e+00,0.000000000000000000e+00
3.051786665002080401e+00,2.940199653474605768e+00,0.000000000000000000e+00
-1.958015356410474528e+00,-1.755946345671117514e+00,0.000000000000000000e+00
-2.101304625744131904e+00,-1.852274579643323760e+00,0.000000000000000000e+00
-2.112580673446596613e+00,-2.199123878042366975e+00,0.000000000000000000e+00
-2.320828178890998572e+00,-1.928264326138815710e+00,0.000000000000000000e+00
9.018353699541019619e-01,1.321106790931208419e+00,0.000000000000000000e+00
-1.518614033145061715e+00,-2.521365149276144635e+00,0.000000000000000000e+00
1.455221879236619387e+00,3.306393823369218055e+00,0.000000000000000000e+00
2.753392943933443693e-01,1.570654070625118415e+00,0.000000000000000000e+00
1.709961102518121390e+00,2.709960050442293156e+00,0.000000000000000000e+00
3.477459933858702001e-01,2.920818850167184344e+00,0.000000000000000000e+00
-2.060696545709131300e+00,-1.744473449476626525e+00,0.000000000000000000e+00
1.857525459750055896e+00,1.540836352471834481e+00,0.000000000000000000e+00
-1.941074012723786879e+00,-1.688196270259770371e+00,0.000000000000000000e+00
-1.848932734196379934e+00,-2.466459027348573141e+00,0.000000000000000000e+00
1.945865148579113857e+00,1.669432197314667521e+00,0.000000000000000000e+00
-1.634529365006582635e+00,-2.373327461889801704e+00,0.000000000000000000e+00
1.315424441546226841e-01,1.974337194110277416e+00,0.000000000000000000e+00
1.060643951139770280e-01,1.848269261053126611e+00,0.000000000000000000e+00
-2.590801640974815800e+00,-2.410639129666138469e+00,0.000000000000000000e+00
2.407985257408001178e+00,2.638938450090274834e+00,0.000000000000000000e+00
7.283840847003792973e-01,1.698202786475750514e+00,0.000000000000000000e+00
-2.028777704721920205e+00,-1.750266691197922331e+00,0.000000000000000000e+00
-2.128753006286076666e+00,-2.310396206811879960e+00,0.000000000000000000e+00
1.862064186258072462e+00,2.073470699943506634e+00,0.000000000000000000e+00
2.892034064957602180e+00,1.860207793063975101e+00,0.000000000000000000e+00
-1.755582884621338380e+00,-2.206187226961513037e+00,0.000000000000000000e+00
2.098063372938041127e+00,1.199068414798380111e+00,0.000000000000000000e+00
-2.301812646835443399e+00,-1.814045579162502531e+00,0.000000000000000000e+00
-2.548875015118569287e+00,-1.525958033696785510e+00,0.000000000000000000e+00
-2.075990846539244483e+00,-1.258561710131981259e+00,0.000000000000000000e+00
3.720021705234504150e-01,2.803435933406512426e+00,0.000000000000000000e+00
2.514972944468722993e+00,2.179247803727677901e+00,0.000000000000000000e+00
-1.910605233125863167e+00,-2.198878395504983541e+00,0.000000000000000000e+00
3.421503590465960087e+00,1.647749199887788674e+00,0.000000000000000000e+00
-1.395545374624513002e+00,-1.360255847169250298e+00,0.000000000000000000e+00
1.624762646218899542e+00,2.173784195654430818e+00,0.000000000000000000e+00
1.311175830324974534e+00,2.298958229200557479e+00,0.000000000000000000e+00
-1.788711212498805159e+00,-2.176110515371265652e+00,0.000000000000000000e+00
2.523778873035237957e+00,1.102928773418824004e+00,0.000000000000000000e+00
-1.910398100975582825e+00,-1.738856189851153866e+00,0.000000000000000000e+00
1.687061493866637729e+00,3.227377879934235416e+00,0.000000000000000000e+00
1.931619286015360482e+00,2.474798298894192783e+00,0.000000000000000000e+00
-1.988153420878117528e+00,-1.982747270929822836e+00,0.000000000000000000e+00
1.602615618166974620e+00,2.404017533408110197e+00,0.000000000000000000e+00
-2.405570032422212456e+00,-1.867898629701867153e+00,0.000000000000000000e+00
-2.353526283680088316e+00,-2.141820093984487361e+00,0.000000000000000000e+00
-2.195664709222159949e+00,-1.776855100220430694e+00,0.000000000000000000e+00
-1.759188323483350302e+00,-2.552185670677936891e+00,0.000000000000000000e+00
1.357506194843329794e-01,2.758807742936804530e+00,0.000000000000000000e+00
1.955585119854741150e+00,2.853732253011837194e+00,0.000000000000000000e+00
-2.061107974144149591e+00,-1.935471626945101109e+00,0.000000000000000000e+00
2.233390565535986916e+00,2.789703609168765031e+00,0.000000000000000000e+00
-2.143840645699977454e+00,-2.084181371861578924e+00,0.000000000000000000e+00
-1.957164362166535332e+00,-2.380221697674754999e+00,0.000000000000000000e+00
-2.529485175792607343e+00,-1.530841311734135290e+00,0.000000000000000000e+00
1.779386763771810154e+00,3.228110268705806085e+00,0.000000000000000000e+00
2.287334268459290776e+00,2.236984874394449818e+00,0.000000000000000000e+00
2.535532421934767910e+00,1.798487877138469360e+00,0.000000000000000000e+00
-2.230506249233934923e+00,-2.031677071014437619e+00,0.000000000000000000e+00
1.815573447663603401e+00,1.653058130509930557e+00,0.000000000000000000e+00
1.302417921500664821e+00,2.196195828520168813e+00,0.000000000000000000e+00
1.288577536941681867e+00,2.170371682457415741e+00,0.000000000000000000e+00
2.223036891527947034e+00,1.796737486171026799e+00,0.000000000000000000e+00
-2.463999072171360272e+00,-2.429616749038448376e+00,0.000000000000000000e+00
1.698536125958902465e+00,2.735986034512126519e+00,0.000000000000000000e+00
-1.455824171829018354e+00,-2.199024760126075506e+00,0.000000000000000000e+00
-1.922764328393459010e+00,-1.888886403201491593e+00,0.000000000000000000e+00
2.336840573004382637e+00,1.147517615640933020e+00,0.000000000000000000e+00
-1.732429545293838746e+00,-1.837667760099922498e+00,0.000000000000000000e+00
-1.965007395555660397e+00,-2.568955188638705422e+00,0.000000000000000000e+00
-1.840148503175043304e+00,-2.128784912698276521e+00,0.000000000000000000e+00
2.907351188584052615e+00,2.475475046877368079e+00,0.000000000000000000e+00
2.516629060719736799e+00,2.934646909584674113e+00,0.000000000000000000e+00
-1.727904637403844035e+00,-2.646387219548186565e+00,0.000000000000000000e+00
2.554313476885972989e+00,2.555374215406745364e+00,0.000000000000000000e+00
2.551504276386507009e+00,1.738228690656319353e+00,0.000000000000000000e+00
-2.506327646185121605e+00,-1.900546896642680395e+00,0.000000000000000000e+00
2.141474201477190142e+00,3.015140412382836477e+00,0.000000000000000000e+00
2.991692011640752824e+00,1.594124002712590027e+00,0.000000000000000000e+00
2.870168688077488373e+00,2.427057372516248535e+00,0.000000000000000000e+00
-2.327614700592141705e+00,-2.607360531777837664e+00,0.000000000000000000e+00
-2.085152550211690325e+00,-1.720498843345764861e+00,0.000000000000000000e+00
2.812021173868836321e+00,2.661888871550694091e+00,0.000000000000000000e+00
-2.739156288153623109e+00,-1.554048098636402919e+00,0.000000000000000000e+00
2.158564025754183380e+00,1.931075703603151172e+00,0.000000000000000000e+00
2.452894558117561630e+00,2.206601762316274584e+00,0.000000000000000000e+00
-1.673128478338831160e+00,-2.267820377669846010e+00,0.000000000000000000e+00
1.660456940043416152e+00,1.893672080711078731e+00,0.000000000000000000e+00
-2.296220350895985529e+00,-2.311150892637234389e+00,0.000000000000000000e+00
3.076302457479003216e+00,2.812753717108851692e+00,0.000000000000000000e+00
1.369027657710703894e+00,7.567183214922126311e-01,0.000000000000000000e+00
-2.114931952523682490e+00,-1.752172668858155813e+00,0.000000000000000000e+00
1.790431141436113816e+00,2.463176885672648364e+00,0.000000000000000000e+00
1.848140851360684511e+00,1.475131717286924715e+00,0.000000000000000000e+00
1.510086404627435153e+00,8.614242533913472055e-01,0.000000000000000000e+00
-1.721720574123920322e+00,-1.809726412416139851e+00,0.000000000000000000e+00
-2.329162892733217305e+00,-1.967435829993722241e+00,0.000000000000000000e+00
-1.816619278279044014e+00,-1.888546324448887370e+00,0.000000000000000000e+00
1.570696510212215902e+00,2.252322134740557757e+00,0.000000000000000000e+00
-1.588998319159202754e+00,-2.047551473687603707e+00,0.000000000000000000e+00
-2.447588212656993889e+00,-1.838295981433204940e+00,0.000000000000000000e+00
2.464104645108093461e+00,1.818108980846261602e+00,0.000000000000000000e+00
-1.393498153640018611e+00,-2.353849368616535376e+00,0.000000000000000000e+00
3.289585216145152646e+00,1.373893580327184782e+00,0.000000000000000000e+00
-2.117552239291274230e+00,-2.794033862500140408e+00,0.000000000000000000e+00
-2.132955633168921228e+00,-1.827271587749208503e+00,0.000000000000000000e+00
3.034840630875149436e+00,2.254897805022575863e+00,0.000000000000000000e+00
1.851020364481912317e+00,3.156295926696080834e+00,0.000000000000000000e+00
-2.081718360529000389e+00,-1.425825414094331611e+00,0.000000000000000000e+00
-2.085450860748615742e+00,-2.430882812534437054e+00,0.000000000000000000e+00
-1.910295869224991394e+00,-1.746274323107712023e+00,0.000000000000000000e+00
2.413061841639244864e+00,1.740193119021840928e+00,0.000000000000000000e+00
1.615639451669055093e+00,1.229119753896856126e+00,0.000000000000000000e+00
2.039064780975762936e+00,3.489290685000498993e+00,0.000000000000000000e+00
1.993372296501651375e+00,1.744294908988561321e+00,0.000000000000000000e+00
2.549849878867527675e+00,5.415923331810670316e-01,0.000000000000000000e+00
-1.776083274522255673e+00,-1.987103077088586023e+00,0.000000000000000000e+00
2.313578379955776310e+00,2.609711183780724308e+00,0.000000000000000000e+00
-1.502519404470039621e+00,-1.460852707992148058e+00,0.000000000000000000e+00
-2.028170845460334881e+00,-1.858826550514350862e+00,0.000000000000000000e+00
-2.177650306347357123e+00,-1.675429049984572538e+00,0.000000000000000000e+00
-1.965133637553591939e+00,-1.950648213094047678e+00,0.000000000000000000e+00
1.851257698883421288e+00,9.047647993995429072e-01,0.000000000000000000e+00
2.016736771535271533e+00,8.570773800196127556e-01,0.000000000000000000e+00
-1.953361990457505470e+00,-2.205263815505323688e+00,0.000000000000000000e+00
2.024120783174444771e+00,1.476674437937737228e+00,0.000000000000000000e+00
-1.689749848434945356e+00,-2.545399712010539606e+00,0.000000000000000000e+00
-2.178728210889409489e+00,-1.575822957144177749e+00,0.000000000000000000e+00
-1.764958505414029766e+00,-1.752999190220665415e+00,0.000000000000000000e+00
2.905300095778174718e+00,1.695642013637817858e+00,0.000000000000000000e+00
1.750809396353909086e+00,3.277012031741625364e+00,0.000000000000000000e+00
2.270127373309727581e+00,2.582290563162639163e+00,0.000000000000000000e+00
-1.935908820002855357e+00,-1.720832210755742553e+00,0.000000000000000000e+00
1.077281356336768692e+00,1.615006450680788852e+00,0.000000000000000000e+00
7.380045531267040992e-01,3.048754912172060294e+00,0.000000000000000000e+00
2.316169610348126628e+00,2.098294023490083315e+00,0.000000000000000000e+00
-1.688670038663351525e+00,-1.793530638822698586e+00,0.000000000000000000e+00
1.309317987012873052e+00,1.895566826337811817e+00,0.000000000000000000e+00
-1.881975095287715671e+00,-2.698284633930778220e+00,0.000000000000000000e+00
2.848081632758269421e+00,2.985140215448250700e+00,0.000000000000000000e+00
2.181811728657906624e+00,2.485764181158686803e+00,0.000000000000000000e+00
-2.213680430105337216e+00,-2.205644510235104327e+00,0.000000000000000000e+00
-1.711124136424169162e+00,-2.159030510070556907e+00,0.000000000000000000e+00
2.411900054452978726e+00,1.232571047923992413e+00,0.000000000000000000e+00
-2.083583363063621352e+00,-1.489281731229676220e+00,0.000000000000000000e+00
2.589243641298564214e+00,2.416760794572267557e+00,0.000000000000000000e+00
1.289811113519168551e+00,6.291380547411535851e-01,0.000000000000000000e+00
-1.602470641992247868e+00,-1.806028670942820158e+00,0.000000000000000000e+00
2.071182108257832333e+00,2.050937329139822296e+00,0.000000000000000000e+00
-2.300939075402149925e+00,-1.944737592445012098e+00,0.000000000000000000e+00
-1.880697799963597427e+00,-2.268635616501435415e+00,0.000000000000000000e+00
2.413241908437589345e+00,1.928477087602140871e+00,0.000000000000000000e+00
2.707192642957632067e+00,2.529843850370586456e+00,0.000000000000000000e+00
1.568580600796323221e-01,-1.935444616250343586e-01,0.000000000000000000e+00
-2.321795324322706744e+00,-2.106688360567210427e+00,0.000000000000000000e+00
-2.128401283385915832e+00,-1.539161233358420144e+00,0.000000000000000000e+00
-2.660428470111464438e+00,-1.573300847517817846e+00,0.000000000000000000e+00
2.510425219499475613e+00,1.118401095262709699e+00,0.000000000000000000e+00
-1.563400606476589516e+00,-1.597526758546568892e+00,0.000000000000000000e+00
-1.748889866694088191e+00,-1.512106077600628540e+00,0.000000000000000000e+00
-2.285000738829146893e+00,-1.889313559037444135e+00,0.000000000000000000e+00
1.365707993778754847e+00,1.942600470263207812e+00,0.000000000000000000e+00
2.852429143861439087e+00,1.029824008941918834e+00,0.000000000000000000e+00
-2.410582407971435970e+00,-1.420313899234896926e+00,0.000000000000000000e+00
2.178955241841081580e+00,3.430468522118292007e+00,0.000000000000000000e+00
-1.889197680324588235e+00,-1.952544212758109410e+00,0.000000000000000000e+00
-1.786885435816802481e+00,-2.168031308982607541e+00,0.000000000000000000e+00
1.900848152536020796e+00,1.664417068911172581e+00,0.000000000000000000e+00
-1.989279245275721086e+00,-2.634982679187394261e+00,0.000000000000000000e+00
-2.191034276397723524e+00,-2.245593489051012082e+00,0.000000000000000000e+00
-2.129410525491379769e+00,-1.646858546060069095e+00,0.000000000000000000e+00
-2.137181840635125507e+00,-2.090320853353431652e+00,0.000000000000000000e+00
-2.413938509137477872e+00,-2.537712428344063742e+00,0.000000000000000000e+00
1.123322862949243106e+00,2.483719444927757536e+00,0.000000000000000000e+00
-2.171061577175429580e+00,-2.019341141982808452e+00,0.000000000000000000e+00
-2.408206938913051154e+00,-2.169033664835060993e+00,0.000000000000000000e+00
2.745026765498484345e+00,1.363953539714292340e+00,0.000000000000000000e+00
9.471443564316810448e-01,1.786752894666144176e+00,0.000000000000000000e+00
2.002494181832900733e+00,2.431265759652422087e+00,0.000000000000000000e+00
1.813350465128400035e+00,5.211318484903586512e-01,0.000000000000000000e+00
2.654790744042622386e+00,3.796359179371050718e+00,0.000000000000000000e+00
2.272922750808290981e+00,2.110618573854351254e+00,0.000000000000000000e+00
1.534273372403766045e+00,2.669172396224896993e+00,0.000000000000000000e+00
-1.724095089503889788e+00,-1.627851343171059728e+00,0.000000000000000000e+00
1.653907719725125958e+00,2.391159821317845324e+00,0.000000000000000000e+00
1.887857742495796076e+00,1.420947515831039176e+00,0.000000000000000000e+00
7.932896386991212800e-01,2.532905773396745719e+00,0.000000000000000000e+00
2.701227557577173144e+00,7.250447610422747768e-01,0.000000000000000000e+00
-2.071129465645315193e+00,-1.932795543255383830e+00,0.000000000000000000e+00
-1.682963398584296888e+00,-2.121960219287762683e+00,0.000000000000000000e+00
-2.027684766571069996e+00,-2.080708302175797719e+00,0.000000000000000000e+00
3.222418301568093391e+00,2.009510386745521071e+00,0.000000000000000000e+00
-2.115355919598214118e+00,-2.085383012191037277e+00,0.000000000000000000e+00
-2.038427142893520561e+00,-2.396583332197331995e+00,0.000000000000000000e+00
-2.055200796299726740e+00,-1.764247050879659273e+00,0.000000000000000000e+00
2.556432750568156109e+00,1.557710521837252449e+00,0.000000000000000000e+00
-1.500932426102429496e+00,-2.046037980478034868e+00,0.000000000000000000e+00
2.584410660013271688e+00,9.181064115709647311e-01,0.000000000000000000e+00
1.836499747470262456e+00,1.610803919912943361e+00,0.000000000000000000e+00
1.615195789998104647e+00,1.900026538072585813e+00,0.000000000000000000e+00
-2.584859637723793124e+00,-2.539244054761110370e+00,0.000000000000000000e+00
2.741987698888983083e+00,2.319654654454212928e+00,0.000000000000000000e+00
2.979270182376133835e+00,1.629251439069024254e+00,0.000000000000000000e+00
3.046968942993676599e+00,1.679402626920773578e+00,0.000000000000000000e+00
-1.799361858672439141e+00,-1.966121191198170193e+00,0.000000000000000000e+00
2.332259449029612242e+00,2.388132653114387161e+00,0.000000000000000000e+00
-1.510575526213334241e+00,-1.763219014559430420e+00,0.000000000000000000e+00
-1.732126710596883612e+00,-1.501717726964835631e+00,0.000000000000000000e+00
-1.865694583237011317e+00,-1.727667862527798581e+00,0.000000000000000000e+00
-1.576382382765960877e+00,-2.186046581869140137e+00,0.000000000000000000e+00
2.686933739098472440e+00,9.887410567652044069e-01,0.000000000000000000e+00
-2.271410570066395795e+00,-2.154835815806847688e+00,0.000000000000000000e+00
2.495998593807503774e+00,1.884897859519622632e+00,0.000000000000000000e+00
3.399563793044143800e+00,1.771141602546964622e+00,0.000000000000000000e+00
-1.607574644480231907e+00,-2.285578223449296509e+00,0.000000000000000000e+00
-1.730607791404379148e+00,-2.206216836531554204e+00,0.000000000000000000e+00
-1.359377723371969493e+00,-1.734529810487444701e+00,0.000000000000000000e+00
-1.955140131069923681e+00,-1.935335405434693623e+00,0.000000000000000000e+00
9.360286429678850162e-01,2.353646135238910198e+00,0.000000000000000000e+00
2.412867229867976082e+00,2.364314288228645200e+00,0.000000000000000000e+00
6.101333875102448179e-01,1.463259693932470240e+00,0.000000000000000000e+00
-1.819557381351072811e+00,-2.060472482497169633e+00,0.000000000000000000e+00
2.885356357276468664e+00,1.824738779980769277e+00,0.000000000000000000e+00
2.612928496323076555e+00,1.204777845417649651e+00,0.000000000000000000e+00
-2.233947857638615364e+00,-2.300970702957631175e+00,0.000000000000000000e+00
5.393272210438881942e-01,1.484393377098466527e+00,0.000000000000000000e+00
-1.808939161529558692e+00,-1.444495735867102892e+00,0.000000000000000000e+00
1.728638067959475721e+00,2.281856897983785881e+00,0.000000000000000000e+00
9.409097010448583820e-01,2.757686738276932115e+00,0.000000000000000000e+00
-2.224073700852129853e+00,-2.290641272344439816e+00,0.000000000000000000e+00
-2.178462521626499449e+00,-2.076553346097352648e+00,0.000000000000000000e+00
3.533616973304879672e+00,1.556376079173818816e+00,0.000000000000000000e+00
-2.022997237499542855e+00,-2.145506921510053733e+00,0.000000000000000000e+00
-1.837794900924996311e+00,-2.478411913197683170e+00,0.000000000000000000e+00
-1.555349203924533796e+00,-2.090291695235467984e+00,0.000000000000000000e+00
-1.967912430180800420e+00,-1.641513183224295069e+00,0.000000000000000000e+00
2.699418212676708340e+00,2.057321680207078174e+00,0.000000000000000000e+00
3.237284876090648744e+00,3.287899187953724045e+00,0.000000000000000000e+00
1.844309244682907467e+00,1.702294362024497243e+00,0.000000000000000000e+00
2.947783327110228502e+00,2.324232252763721362e+00,0.000000000000000000e+00
8.003073374791633832e-01,2.693610096772918183e+00,0.000000000000000000e+00
-2.166404603529660911e+00,-1.463756620808219777e+00,0.000000000000000000e+00
2.887636092979337210e+00,1.684168398215780238e+00,0.000000000000000000e+00
2.545703768381521126e+00,2.120577607339571458e+00,0.000000000000000000e+00
-1.416466383499852544e+00,-2.071809303964490923e+00,0.000000000000000000e+00
-2.130767084441012926e+00,-1.395694282828526145e+00,0.000000000000000000e+00
-2.077621098113200837e+00,-2.181872042705955916e+00,0.000000000000000000e+00
-1.353242587865389979e+00,-1.816901070612041869e+00,0.000000000000000000e+00
-1.675838608572611133e+00,-1.645455923457627145e+00,0.000000000000000000e+00
-2.274525245981092958e+00,-2.033074654560771410e+00,0.000000000000000000e+00
1.850234183873682436e+00,2.032325266113786277e+00,0.000000000000000000e+00
-2.525852272321361891e+00,-2.029913725463797558e+00,0.000000000000000000e+00
2.585817083108204351e+00,1.485939686053316500e+00,0.000000000000000000e+00
-1.799344947456288590e+00,-2.132892628382451417e+00,0.000000000000000000e+00
1.724488477069402892e+00,3.336091088558085005e+00,0.000000000000000000e+00
-1.879379139807072718e+00,-1.935575090576026058e+00,0.000000000000000000e+00
1.722066139794773854e+00,2.014358615775714068e+00,0.000000000000000000e+00
7.591364310552430883e-01,2.754428784874892511e+00,0.000000000000000000e+00
-1.702657576836732245e+00,-1.405770489751051677e+00,0.000000000000000000e+00
2.154071302586907599e+00,1.603012552065675500e+00,0.000000000000000000e+00
2.527683659249200243e+00,1.986284038374696692e+00,0.000000000000000000e+00
-1.746010715434657801e+00,-1.884721593365519032e+00,0.000000000000000000e+00
-2.002536519610437882e+00,-1.842009323307844948e+00,0.000000000000000000e+00
1.062303972371124949e+00,1.163225876212976129e+00,0.000000000000000000e+00
3.358141318714416013e-01,3.586173050735743661e-01,0.000000000000000000e+00
-2.192530875670699597e+00,-1.930312472353726827e+00,0.000000000000000000e+00
2.654215653012927500e+00,2.029435803198903709e+00,0.000000000000000000e+00
-1.669230870797949517e+00,-2.284666973128852252e+00,0.000000000000000000e+00
-1.660933606867399659e+00,-1.884581005141187093e+00,0.000000000000000000e+00
-2.117557467317008335e+00,-2.406042435423342507e+00,0.000000000000000000e+00
2.523570445132836682e+00,2.047497020308130189e+00,0.000000000000000000e+00
4.808465484390229694e-01,1.212406403783372610e+00,0.000000000000000000e+00
3.285988995048077399e+00,1.799872602419141820e+00,0.000000000000000000e+00
2.446750626836692533e+00,2.649516749139487537e+00,0.000000000000000000e+00
-1.954798387652613822e+00,-1.785529397480201119e+00,0.000000000000000000e+00
-1.803267600499565582e+00,-2.553779590377341258e+00,0.000000000000000000e+00
1.530205677636154782e+00,3.936689029086953617e+00,0.000000000000000000e+00
-1.843699107190157171e+00,-2.338910745939107194e+00,0.000000000000000000e+00
3.761485051043299777e+00,1.970346476464938990e+00,0.000000000000000000e+00
7.742859821498460082e-01,2.175094861920221945e+00,0.000000000000000000e+00
1.781023375127275932e+00,2.378857497844179214e+00,0.000000000000000000e+00
1.764474613409763304e+00,2.591760564505618092e+00,0.000000000000000000e+00
1.080109565628218249e+00,2.134154712430440526e+00,0.000000000000000000e+00
-2.386565057059313322e+00,-2.526507494115068919e+00,0.000000000000000000e+00
-2.068882473606905581e+00,-1.741665194145230577e+00,0.000000000000000000e+00
-2.069439805789374365e+00,-2.330122118930005204e+00,0.000000000000000000e+00
-2.397833109491625869e+00,-2.138758222453975399e+00,0.000000000000000000e+00
-2.050567310598059301e+00,-2.165095361169922406e+00,0.000000000000000000e+00
-2.025401332554384037e+00,-2.534867180558999067e+00,0.000000000000000000e+00
1.349108714608850068e+00,2.464555775287369688e+00,0.000000000000000000e+00
-2.233598350534830246e+00,-1.846720921801217052e+00,0.000000000000000000e+00
2.253588397326623749e+00,2.416635048976893074e+00,0.000000000000000000e+00
-2.368734666153061497e+00,-1.916987145518161739e+00,0.000000000000000000e+00
-2.597717558921913916e+00,-2.187207405669655103e+00,0.000000000000000000e+00
2.796572378248050939e+00,1.991417476857882729e+00,0.000000000000000000e+00
-2.162851851068040343e+00,-2.133251324967638141e+00,0.000000000000000000e+00
1.028596688593949038e+00,2.479939940631588957e+00,0.000000000000000000e+00
-2.148497841783976625e+00,-2.149236154753034089e+00,0.000000000000000000e+00
9.054464905028345445e-01,2.815691868278752619e+00,0.000000000000000000e+00
1.892085043358413543e+00,4.997094908300896421e-01,0.000000000000000000e+00
-1.951536026777232369e+00,-1.781549466508354218e+00,0.000000000000000000e+00
-2.476037080265601098e+00,-2.291092935612069059e+00,0.000000000000000000e+00
1.897269510206681886e+00,5.631095234328595822e-01,0.000000000000000000e+00
-1.606846272974973511e+00,-1.633428855796599688e+00,0.000000000000000000e+00
1.923491275767881259e+00,2.434442556279613257e+00,0.000000000000000000e+00
-2.381662808964502442e+00,-2.571339516239053324e+00,0.000000000000000000e+00
-1.808691484956210571e+00,-2.292112483033745818e+00,0.000000000000000000e+00
-1.758463769952224087e+00,-1.940915940302145648e+00,0.000000000000000000e+00
3.029812932345683052e+00,1.932435853607779030e+00,0.000000000000000000e+00
2.073178906831749213e+00,1.638894956408293080e+00,0.000000000000000000e+00
-2.321102924976552462e+00,-1.928317482850997244e+00,0.000000000000000000e+00
-1.975573227622009931e+00,-1.845007120880987506e+00,0.000000000000000000e+00
1.833169376035179710e+00,2.343387533019999580e+00,0.000000000000000000e+00
1.729381444500647458e+00,3.323415287832636622e+00,0.000000000000000000e+00
2.337908190975557243e+00,2.025335301580856839e+00,0.000000000000000000e+00
2.280293253514818375e+00,3.257078404767743685e+00,0.000000000000000000e+00
-2.158518709889304610e+00,-1.768004655738621755e+00,0.000000000000000000e+00
-1.739262923604249389e+00,-2.522622739988785501e+00,0.000000000000000000e+00
-2.209915319673747547e+00,-2.053983483374314911e+00,0.000000000000000000e+00
-1.876861259006172400e+00,-1.967906253738327838e+00,0.000000000000000000e+00
-1.500204738495788837e+00,-1.959323013637427557e+00,0.000000000000000000e+00
2.136724341994621135e+00,1.416596450775562843e+00,0.000000000000000000e+00
-2.111488115731212201e+00,-1.619539221831983511e+00,0.000000000000000000e+00
3.607541916246481684e-01,2.693644166655615013e+00,0.000000000000000000e+00
7.447047233426880020e-01,1.493215740242502809e+00,0.000000000000000000e+00
2.348064661992466995e+00,2.178371151918350179e+00,0.000000000000000000e+00
1.291008264035621522e+00,1.619413205853283744e+00,0.000000000000000000e+00
2.736583649410154528e+00,3.262674605893221447e+00,0.000000000000000000e+00
8.474245171462719828e-01,3.181210259368513427e+00,0.000000000000000000e+00
2.917601907395794392e+00,2.702447003789715918e+00,0.000000000000000000e+00
-1.616495205232957311e+00,-2.411948124121484405e+00,0.000000000000000000e+00
-1.811817918578626063e+00,-1.862640932075920075e+00,0.000000000000000000e+00
2.459552906247536974e+00,2.945780181988695734e+00,0.000000000000000000e+00
-3.008597609540211160e+00,-2.243216786509864669e+00,0.000000000000000000e+00
2.569704981706573133e+00,1.878718153563878834e+00,0.000000000000000000e+00
4.154340977167672477e+00,2.243456477710680907e+00,0.000000000000000000e+00
-1.620356405202433070e+00,-2.050574319039089044e+00,0.000000000000000000e+00
1.824019552622040408e-01,1.233329946088405960e+00,0.000000000000000000e+00
-1.992284505754130741e+00,-1.845301105354529181e+00,0.000000000000000000e+00
-2.343774836817353435e+00,-2.154839694625096502e+00,0.000000000000000000e+00
2.105437990835233197e+00,1.559208596801825664e+00,0.000000000000000000e+00
2.712340368269849034e+00,1.527766423861391942e+00,0.000000000000000000e+00
1.864159734194501761e+00,2.673090029274475476e+00,0.000000000000000000e+00
9.104526176608100929e-01,1.092651703945366481e+00,0.000000000000000000e+00
-1.667647043774802107e+00,-2.095468644831494753e+00,0.000000000000000000e+00
2.744413468223251495e+00,2.248666250569510527e+00,0.000000000000000000e+00
1.387311686985772896e+00,2.219508521109225807e+00,0.000000000000000000e+00
-1.783900137167205635e+00,-2.838251785189127130e+00,0.000000000000000000e+00
1.365359398185156392e+00,2.659751700010760000e+00,0.000000000000000000e+00
-2.188597432089331996e+00,-1.638563572159796422e+00,0.000000000000000000e+00
-1.931160739037417251e+00,-2.135925416104586194e+00,0.000000000000000000e+00
-1.718450018124475065e+00,-2.016601449184717954e+00,0.000000000000000000e+00
-2.220439705370969463e+00,-2.217155206189656447e+00,0.000000000000000000e+00
3.059808962976855895e+00,9.449568181137288914e-01,0.000000000000000000e+00
-1.928841323243902783e+00,-1.468432067434875865e+00,0.000000000000000000e+00
2.444952427676549966e+00,2.126495803783386762e+00,0.000000000000000000e+00
1.075788620146638008e+00,2.637337477542920805e+00,0.000000000000000000e+00
9.555611921755355898e-01,1.104419790720304828e+00,0.000000000000000000e+00
1.587280839490641693e+00,1.628945927399131133e+00,0.000000000000000000e+00
-2.175193774243149303e+00,-1.953917374233475668e+00,0.000000000000000000e+00
2.458330945097623843e+00,3.583951010294922579e+00,0.000000000000000000e+00
2.096066239688972654e+00,1.440822650979817432e+00,0.000000000000000000e+00
-2.173522566570932124e+00,-3.046182875176787874e+00,0.000000000000000000e+00
1.886485135187030426e+00,2.308283310478789652e+00,0.000000000000000000e+00
-2.246934353850933430e+00,-1.647402691743118153e+00,0.000000000000000000e+00
-2.345040752287120611e+00,-1.913311294508711180e+00,0.000000000000000000e+00
3.353650024026309850e+00,1.984485379112391534e+00,0.000000000000000000e+00
-1.569619053297838907e+00,-2.190485958278381773e+00,0.000000000000000000e+00
-1.717388902136858686e+00,-1.974016225321496565e+00,0.000000000000000000e+00
2.792941379129514345e+00,3.895729882789707332e+00,0.000000000000000000e+00
1.791347215087165434e+00,2.922046486358115924e+00,0.000000000000000000e+00
-2.174496666630625352e+00,-2.662729669353155249e+00,0.000000000000000000e+00
2.454685951058455551e+00,1.900215416918397349e+00,0.000000000000000000e+00
1.404837122988493281e+00,2.549115824627321558e+00,0.000000000000000000e+00
-2.265301404149321129e+00,-1.437599583635224221e+00,0.000000000000000000e+00
-1.515696974923380180e+00,-2.802486942125035352e+00,0.000000000000000000e+00
-1.666011559038686585e+00,-2.099937077693510012e+00,0.000000000000000000e+00
-2.155909753211541879e+00,-2.020477732724909270e+00,0.000000000000000000e+00
2.188617781721182265e+00,1.965450041364104727e+00,0.000000000000000000e+00
-1.492968963116036329e+00,-2.205244635190385161e+00,0.000000000000000000e+00
-2.110204694156980754e+00,-2.002127256841790270e+00,0.000000000000000000e+00
2.727518162578020711e+00,2.107601663304033313e+00,0.000000000000000000e+00
2.129027116092646832e+00,1.899595858848086571e+00,0.000000000000000000e+00
-1.624759142603495965e+00,-2.026796817925788474e+00,0.000000000000000000e+00
-1.263733776691215116e+00,-1.924693980267638604e+00,0.000000000000000000e+00
-1.707343745686860537e+00,-1.364067634325082157e+00,0.000000000000000000e+00
-1.854704168646945206e+00,-2.007944232327723011e+00,0.000000000000000000e+00
3.903727778905978774e+00,1.906973039365847056e+00,0.000000000000000000e+00
2.409708936207095586e+00,2.382308503506815001e+00,0.000000000000000000e+00
-1.542555940564131589e+00,-2.213896747050364766e+00,0.000000000000000000e+00
2.891896227965065513e+00,2.347821589366088091e+00,0.000000000000000000e+00
6.501755140328480120e-01,6.421263078742212027e-01,0.000000000000000000e+00
-2.471460863214924863e+00,-1.932143401184185372e+00,0.000000000000000000e+00
2.608965189127032680e+00,1.761143518365624994e+00,0.000000000000000000e+00
1.506989292999461716e+00,2.499605040128687339e+00,0.000000000000000000e+00
2.828021043499651999e+00,6.686742327920189854e-01,0.000000000000000000e+00
-2.425461310030374129e+00,-1.967252783896561441e+00,0.000000000000000000e+00
-1.481536812413815518e+00,-2.281782132895127990e+00,0.000000000000000000e+00
-1.807213475270573078e+00,-1.816160451832385503e+00,0.000000000000000000e+00
2.850839899136456967e+00,9.880036308747419671e-01,0.000000000000000000e+00
2.966644035763666309e+00,8.194675040727921189e-01,0.000000000000000000e+00
-2.148925328842350435e+00,-1.864305692353545707e+00,0.000000000000000000e+00
7.625099459180917361e-01,3.036494867842120193e+00,0.000000000000000000e+00
-2.355741560485380415e+00,-2.035419464211303708e+00,0.000000000000000000e+00
-2.051386679111754319e+00,-1.618534761450474369e+00,0.000000000000000000e+00
-2.551703351751724469e+00,-2.220307754127165190e+00,0.000000000000000000e+00
2.298251360877528349e+00,7.802392355202594221e-01,0.000000000000000000e+00
1.901468501347474360e+00,2.293681267700496296e+00,0.000000000000000000e+00
-2.428837006819167588e+00,-2.036619851988705765e+00,0.000000000000000000e+00
-2.184394366451459124e+00,-2.132227879963102701e+00,0.000000000000000000e+00
-2.301627245612736683e+00,-1.893725294982192331e+00,0.000000000000000000e+00
-2.149673843638660653e+00,-2.306780463893497668e+00,0.000000000000000000e+00
-1.781402808119000314e+00,-2.362117793346179440e+00,0.000000000000000000e+00
3.138025037357888181e+00,4.116790188711703102e-01,0.000000000000000000e+00
2.237077686475424265e+00,3.122216895587083485e+00,0.000000000000000000e+00
2.930584256810095489e+00,2.357343113129338530e+00,0.000000000000000000e+00
-1.883496070281992729e+00,-2.222534326462981102e+00,0.000000000000000000e+00
2.580601779839218679e+00,3.239257306697429506e+00,0.000000000000000000e+00
3.278439920665604745e+00,3.362977458509719408e+00,0.000000000000000000e+00
-1.406929525861334795e+00,-2.448350187906483733e+00,0.000000000000000000e+00
2.614284999663372133e+00,2.869501395924090925e+00,0.000000000000000000e+00
2.529721413817576092e+00,2.915775036597398895e+00,0.000000000000000000e+00
2.160979660982746520e+00,1.290755774845447235e+00,0.000000000000000000e+00
-1.766526455602853041e+00,-1.749766617943338876e+00,0.000000000000000000e+00
-2.258255582467660005e+00,-2.358479590652780011e+00,0.000000000000000000e+00
-2.329263166271341667e+00,-1.991055065781074385e+00,0.000000000000000000e+00
1.250019294534463921e+00,1.595939057621673873e+00,0.000000000000000000e+00
-2.022941376326462315e+00,-1.719672190994890659e+00,0.000000000000000000e+00
-2.115550170803592422e+00,-2.061260329415032455e+00,0.000000000000000000e+00
-1.791799120534980805e+00,-2.253346021293843204e+00,0.000000000000000000e+00
2.519823979979177953e+00,2.066718416803376535e+00,0.000000000000000000e+00
2.954249922394147632e-02,1.869450696500033038e+00,0.000000000000000000e+00
2.278747508803581123e+00,1.612020963720952604e+00,0.000000000000000000e+00
-1.844780929262679114e+00,-2.016433998232745051e+00,0.000000000000000000e+00
1.358490344379879033e+00,1.269186757650614616e+00,0.000000000000000000e+00
2.051965440362619741e+00,3.291685453895993874e-01,0.000000000000000000e+00
-1.240485337733523208e+00,-2.021508067621179627e+00,0.000000000000000000e+00
-1.908646862419005164e+00,-1.981810194102500811e+00,0.000000000000000000e+00
-1.882924544187529747e+00,-2.025744108129045262e+00,0.000000000000000000e+00
-2.304354596219789997e+00,-1.844220655454478885e+00,0.000000000000000000e+00
-1.890880600764924147e+00,-1.738123788255952373e+00,0.000000000000000000e+00
1.091419428007245784e+00,1.272028474329943926e+00,0.000000000000000000e+00
3.529929961724435739e+00,1.742467435551698030e+00,0.000000000000000000e+00
1.575313407917398711e+00,1.304110445191076995e+00,0.000000000000000000e+00
-2.159918573922481766e+00,-1.528921552668838224e+00,0.000000000000000000e+00
1.865474861809999663e+00,3.036840691847069174e+00,0.000000000000000000e+00
1.780744862223677671e+00,1.208137931741370075e+00,0.000000000000000000e+00
2.111756993718163500e+00,3.228043333173397311e+00,0.000000000000000000e+00
1.791527503424554357e+00,1.161069277317914761e+00,0.000000000000000000e+00
-1.697830196806895842e+00,-1.831391813404420033e+00,0.000000000000000000e+00
-1.567199519543136743e+00,-1.959848342762442686e+00,0.000000000000000000e+00
8.866268139765363099e-01,2.199449217893051589e+00,0.000000000000000000e+00
9.620619059803741102e-01,1.428030044678242128e+00,0.000000000000000000e+00
1.868645642141233409e+00,2.288293322523720086e+00,0.000000000000000000e+00
-1.745461502057893410e+00,-1.754857139092542262e+00,0.000000000000000000e+00
1.851379740832793441e+00,1.695570866593058224e+00,0.000000000000000000e+00
8.807555763437260321e-01,1.057152303346445832e+00,0.000000000000000000e+00
-1.488565860020137910e+00,-1.588853281314450916e+00,0.000000000000000000e+00
3.327363694157125629e+00,2.302912547383173969e+00,0.000000000000000000e+00
-1.526392394882193582e+00,-1.901345199666424124e+00,0.000000000000000000e+00
-1.944756505477108099e+00,-1.614941511869355750e+00,0.000000000000000000e+00
-2.150061966593976415e+00,-1.858055396905559098e+00,0.000000000000000000e+00
2.985299344152530399e+00,2.820738336409898572e+00,0.000000000000000000e+00
7.404732242266598430e-01,6.116156300482407104e-01,0.000000000000000000e+00
-1.913517432786508099e+00,-1.722596222142220634e+00,0.000000000000000000e+00
1.868265982962881600e+00,2.009788522954810919e+00,0.000000000000000000e+00
2.173878566377773769e+00,2.094255603482741090e+00,0.000000000000000000e+00
-2.402778811306119700e+00,-2.027859172233788865e+00,0.000000000000000000e+00
-2.461473733573457334e+00,-2.236781657690507075e+00,0.000000000000000000e+00
-1.886898194352032654e+00,-1.690707241764110247e+00,0.000000000000000000e+00
-2.099974727203585356e+00,-1.924924286751022340e+00,0.000000000000000000e+00
-2.219510934113782419e+00,-1.661963662766227534e+00,0.000000000000000000e+00
1.670128867048148891e+00,2.489146081154136603e+00,0.000000000000000000e+00
1.898890541795981157e+00,2.524274345525332919e+00,0.000000000000000000e+00
3.191167105341479626e+00,4.940409330918069664e-01,0.000000000000000000e+00
1.864022947238662908e+00,1.317940944006700033e+00,0.000000000000000000e+00
-1.618124896192466577e+00,-1.316656907712388191e+00,0.000000000000000000e+00
-1.585609356253146585e+00,-2.090320244157124474e+00,0.000000000000000000e+00
-2.093958980712112172e+00,-1.574321913829860087e+00,0.000000000000000000e+00
2.525622064110544684e+00,2.430572197476783991e+00,0.000000000000000000e+00
-1.897232838460687576e+00,-1.910610518937994051e+00,0.000000000000000000e+00
1.736383869390724755e+00,2.591531160573063985e+00,0.000000000000000000e+00
-1.951289405016517486e+00,-1.706278609298045090e+00,0.000000000000000000e+00
1.884037138533711131e+00,2.484232113232688999e+00,0.000000000000000000e+00
-1.765258341310926848e+00,-2.237049554613322222e+00,0.000000000000000000e+00
2.983878337286375526e+00,2.716259606011177663e-01,0.000000000000000000e+00
-1.408459258986707763e+00,-2.279596114500956894e+00,0.000000000000000000e+00
-2.062953915754182077e+00,-2.878333931209592578e+00,0.000000000000000000e+00
-1.857501963105748333e+00,-1.647425735652393586e+00,0.000000000000000000e+00
1.297263964305366057e+00,8.598659046282479679e-01,0.000000000000000000e+00
1.254500811030978991e+00,2.783800016790933807e+00,0.000000000000000000e+00
3.193977199553164503e+00,1.107810227124922164e+00,0.000000000000000000e+00
-2.204727365647688675e+00,-2.355840202423845842e+00,0.000000000000000000e+00
-1.681868400982894141e+00,-1.861369949960392844e+00,0.000000000000000000e+00
1.640959600868343582e+00,6.600407990343093445e-01,0.000000000000000000e+00
2.599367541808422999e+00,2.535571069904369423e+00,0.000000000000000000e+00
3.872844616422965736e+00,2.301652894359435209e+00,0.000000000000000000e+00
-2.293962293875392522e+00,-1.671869811819664875e+00,0.000000000000000000e+00
2.049352480019634992e+00,2.813859562429236405e+00,0.000000000000000000e+00
-2.122867541728548080e+00,-2.133493461693154014e+00,0.000000000000000000e+00
-1.347631262474869640e+00,-1.759904240932775199e+00,0.000000000000000000e+00
2.362188188344070738e+00,1.999151767292857818e+00,0.000000000000000000e+00
1.679460596389401150e+00,2.553980585996998620e+00,0.000000000000000000e+00
-1.993005669728373341e+00,-1.950084440574707312e+00,0.000000000000000000e+00
-1.513311332645665530e+00,-2.402988592519603728e+00,0.000000000000000000e+00
-2.166462043351830236e+00,-1.554908709998124916e+00,0.000000000000000000e+00
2.474948962385163487e+00,2.296405067429396762e+00,0.000000000000000000e+00
3.089746046050161787e+00,1.806607588654338237e+00,0.000000000000000000e+00
3.218834416827192513e+00,2.230283442926057180e+00,0.000000000000000000e+00
-2.250941665263425318e+00,-2.120470621295508895e+00,0.000000000000000000e+00
-1.870599369264167811e+00,-2.320614027028263138e+00,0.000000000000000000e+00
-2.238797403185536883e+00,-2.075284321172488955e+00,0.000000000000000000e+00
2.551745848161137253e+00,2.448953740826624870e+00,0.000000000000000000e+00
9.163431982310530355e-01,1.954073279290416520e+00,0.000000000000000000e+00
-2.421880073743192252e+00,-1.938117431080320863e+00,0.000000000000000000e+00
-2.525520551445421980e+00,-2.113970589967494540e+00,0.000000000000000000e+00
-1.717359956992495773e+00,-1.969394769108807619e+00,0.000000000000000000e+00
-1.577721132430321749e+00,-1.706978028934512004e+00,0.000000000000000000e+00
-1.765457299824572335e+00,-1.920929318556555465e+00,0.000000000000000000e+00
8.343272910037449197e-01,2.517096676479052331e+00,0.000000000000000000e+00
-1.824180914546480015e+00,-1.528910379995796820e+00,0.000000000000000000e+00
-2.190315992487082752e+00,-2.114683079714707148e+00,0.000000000000000000e+00
-1.979564833026329573e+00,-1.937722768616894520e+00,0.000000000000000000e+00
-1.725384374160852108e+00,-1.859455041150639421e+00,0.000000000000000000e+00
1.491229919015099492e+00,1.410701081980078930e+00,0.000000000000000000e+00
-1.816304843477474451e+00,-2.166873791316658693e+00,0.000000000000000000e+00
2.057407819337831789e+00,2.217285036925121133e+00,0.000000000000000000e+00
-2.082812133533569643e+00,-1.597715787437993029e+00,0.000000000000000000e+00
-1.795484727224341048e+00,-1.971449831865771385e+00,0.000000000000000000e+00
-1.495555111007502269e+00,-2.204582381471319241e+00,0.000000000000000000e+00
2.279896065404077188e+00,3.068944763628681738e+00,0.000000000000000000e+00
1.885256739698149442e+00,1.732342098537562602e+00,0.000000000000000000e+00
3.728706049030761083e+00,1.580005193899215232e+00,0.000000000000000000e+00
3.269363558680487447e+00,6.928043356014388365e-01,0.000000000000000000e+00
1.997592736724782769e+00,1.814439325109777235e+00,0.000000000000000000e+00
-1.933214325491823038e+00,-2.137843615606609848e+00,0.000000000000000000e+00
1.268799437492364124e+00,2.583520553734295788e+00,0.000000000000000000e+00
1.825677271540396829e+00,1.755648752602461560e+00,0.000000000000000000e+00
1.954302784958383832e+00,-7.682262179036092320e-01,0.000000000000000000e+00
-2.558934889207231667e+00,-2.525411509596904303e+00,0.000000000000000000e+00
1.796895213359476662e+00,1.111229804807384758e+00,0.000000000000000000e+00
-1.492491934151636723e+00,-1.876125827335765717e+00,0.000000000000000000e+00
-1.812446131350119893e+00,-1.618604379651638725e+00,0.000000000000000000e+00
-2.200813462546970634e+00,-2.108949872477011489e+00,0.000000000000000000e+00
-1.901609391365783219e+00,-1.577966127480224579e+00,0.000000000000000000e+00
1.619028416106680357e+00,2.664248343648217165e+00,0.000000000000000000e+00
-1.711588623496735462e+00,-2.102353344104800570e+00,0.000000000000000000e+00
-2.309586630556672127e+00,-2.159762460223472402e+00,0.000000000000000000e+00
2.549163710707192276e+00,3.007932572722995523e+00,0.000000000000000000e+00
-2.262297012417817665e+00,-1.729522791708409057e+00,0.000000000000000000e+00
-1.895815735292809778e+00,-2.037697855265668601e+00,0.000000000000000000e+00
-2.055677740149387756e+00,-1.621548028751334414e+00,0.000000000000000000e+00
1.096884478949492259e+00,2.013597504672850480e+00,0.000000000000000000e+00
2.478967260846208109e+00,1.751146207482962014e+00,0.000000000000000000e+00
1.715110420222201615e+00,1.288003922807313018e+00,0.000000000000000000e+00
-2.198508591034951110e+00,-1.877185433369852996e+00,0.000000000000000000e+00
-2.453653579285974384e+00,-1.853929819837524917e+00,0.000000000000000000e+00
2.930004407677577305e+00,8.969130341301867482e-01,0.000000000000000000e+00
-1.645244365052094704e+00,-1.873021745918372671e+00,0.000000000000000000e+00
-1.633868499657967543e+00,-2.453588019352491489e+00,0.000000000000000000e+00
-2.088274267958456942e+00,-1.829148167010878678e+00,0.000000000000000000e+00
-2.130804888769443295e+00,-2.096698766742789655e+00,0.000000000000000000e+00
-2.080225945491077866e+00,-1.604345639976282545e+00,0.000000000000000000e+00
2.820829184836398884e+00,1.927201754290224667e+00,0.000000000000000000e+00
-1.468483942063535164e+00,-1.455811293093350667e+00,0.000000000000000000e+00
-1.557173757993647101e+00,-2.068007212440790443e+00,0.000000000000000000e+00
-2.171278975411995660e+00,-1.594099220245394521e+00,0.000000000000000000e+00
-1.855266419333308825e+00,-1.461832877217694948e+00,0.000000000000000000e+00
2.138578911490408352e+00,1.159320172627975820e+00,0.000000000000000000e+00
6.887586986086187135e-01,1.482157894982073953e+00,0.000000000000000000e+00
1.045073998193995823e+00,1.016406973425879379e+00,0.000000000000000000e+00
1.316054348293989484e+00,1.607880357913241909e+00,0.000000000000000000e+00
-2.050555400320996036e+00,-1.870266303474516389e+00,0.000000000000000000e+00
-1.935103603965970587e+00,-2.135054398074611726e+00,0.000000000000000000e+00
1.915880597446826927e+00,7.328299367077759641e-01,0.000000000000000000e+00
2.751026500176490419e+00,1.459983780256678632e+00,0.000000000000000000e+00
3.050912330879345546e+00,1.091230574351496951e+00,0.000000000000000000e+00
1.409636075314799175e+00,1.083472877398843792e+00,0.000000000000000000e+00
-1.525612171092732616e+00,-2.330845152337143400e+00,0.000000000000000000e+00
1.294977521285717526e+00,1.591289224404552893e+00,0.000000000000000000e+00
-1.954539767682921481e+00,-2.120007335963729922e+00,0.000000000000000000e+00
2.148530603558008067e+00,3.466221229440968887e+00,0.000000000000000000e+00
-2.167417106668118709e+00,-2.255400946265144313e+00,0.000000000000000000e+00
-2.124813270516234365e+00,-2.003854904380445667e+00,0.000000000000000000e+00
1.605444811882888567e+00,2.294377080980053663e+00,0.000000000000000000e+00
-1.655630746609648707e+00,-1.845018167788906149e+00,0.000000000000000000e+00
3.525308984340660423e-01,1.664633560970275816e+00,0.000000000000000000e+00
2.330626756806214228e+00,3.457316506078251805e-01,0.000000000000000000e+00
-2.125162518474774220e+00,-1.956758895626845352e+00,0.000000000000000000e+00
-2.156036411035583189e+00,-1.690427048565050994e+00,0.000000000000000000e+00
1.411799996787770350e+00,3.039883254007429869e+00,0.000000000000000000e+00
-1.857373466770549264e+00,-2.136060480818911866e+00,0.000000000000000000e+00
-2.009244431321805635e+00,-2.007715290118752272e+00,0.000000000000000000e+00
-1.786984075011593287e+00,-1.590961510144539792e+00,0.000000000000000000e+00
1.039778605769136943e+00,2.479728511818247494e+00,0.000000000000000000e+00
-1.305193281064389144e+00,-1.681558092755762956e+00,0.000000000000000000e+00
-2.206605482645329630e+00,-1.802533505802629721e+00,0.000000000000000000e+00
2.589469912983616506e+00,3.259707258483427239e+00,0.000000000000000000e+00
2.669137213278006904e+00,2.145548025398849479e+00,0.000000000000000000e+00
-1.897263184891919918e+00,-1.931745869478004085e+00,0.000000000000000000e+00
-1.846127362959895990e+00,-2.238918130924867356e+00,0.000000000000000000e+00
-1.977009985767163469e+00,-1.570878995115783550e+00,0.000000000000000000e+00
2.059957870344494069e+00,2.690773735350038276e+00,0.000000000000000000e+00
1.387661506513421239e+00,1.702336963121891866e+00,0.000000000000000000e+00
2.960136589053602219e+00,1.611892395846620474e+00,0.000000000000000000e+00
6.737341541142141121e-01,3.062568660151146371e+00,0.000000000000000000e+00
2.048677609424671253e+00,1.845516336760343989e+00,0.000000000000000000e+00
-1.770085751387771911e+00,-2.087918238798610382e+00,0.000000000000000000e+00
-1.991690035192278829e+00,-2.318338262866130428e+00,0.000000000000000000e+00
2.476222763262337256e+00,1.453758706905503129e+00,0.000000000000000000e+00
2.220325326008079969e+00,2.149060272544418115e+00,0.000000000000000000e+00
-2.645338566438520722e+00,-1.916008047188047181e+00,0.000000000000000000e+00
-2.009520926792482953e+00,-1.721115568300194631e+00,0.000000000000000000e+00
-2.035573951720947239e+00,-2.459807999777573695e+00,0.000000000000000000e+00
-1.971915655292006075e+00,-1.993461175623211235e+00,0.000000000000000000e+00
-1.930941689819313245e+00,-1.687495019179174660e+00,0.000000000000000000e+00
-1.739709148697063279e+00,-1.950837618781675165e+00,0.000000000000000000e+00
-2.061543670155307595e+00,-1.860634036765710597e+00,0.000000000000000000e+00
-2.100194711521626623e+00,-1.819543213739114318e+00,0.000000000000000000e+00
1.226321482480969838e+00,1.738431776410393148e+00,0.000000000000000000e+00
2.572405493174114710e+00,1.136526110710587956e+00,0.000000000000000000e+00
-1.913449663630293118e+00,-1.993264023438879651e+00,0.000000000000000000e+00
-2.360940877794230008e+00,-1.928150306853951168e+00,0.000000000000000000e+00
-2.052609439449756490e+00,-1.634178596205697609e+00,0.000000000000000000e+00
2.314174200168111373e+00,4.130282858173266902e+00,0.000000000000000000e+00
-2.151122956079911663e+00,-1.868278300618201770e+00,0.000000000000000000e+00
1.359047105501304920e+00,2.278280430344602703e+00,0.000000000000000000e+00
2.587895372471602951e+00,3.174202910118743226e+00,0.000000000000000000e+00
1.546646235836433902e+00,3.409401708160582523e+00,0.000000000000000000e+00
2.103704009836447231e+00,2.045711314638949840e+00,0.000000000000000000e+00
2.201236874995010417e+00,1.370368688845568617e+00,0.000000000000000000e+00
3.945203142533443952e+00,2.393172869471531072e+00,0.000000000000000000e+00
-1.382416782715555126e+00,-1.511812939416721013e+00,0.000000000000000000e+00
-1.989648727032091724e+00,-2.126652273901113777e+00,0.000000000000000000e+00
3.057873407245994990e+00,9.102835994058333657e-01,0.000000000000000000e+00
3.889634470135358235e+00,1.778886065282049955e+00,0.000000000000000000e+00
-2.170532424443125219e+00,-1.935711736733051636e+00,0.000000000000000000e+00
-1.811570898787770334e+00,-1.790086729236869845e+00,0.000000000000000000e+00
-8.776212130595695271e-02,3.075162479500654911e+00,0.000000000000000000e+00
3.781548827539320534e-01,2.021741099875530967e+00,0.000000000000000000e+00
-2.370744035498739244e+00,-1.886405784586048018e+00,0.000000000000000000e+00
1.672684934067211859e+00,2.437250102477122038e+00,0.000000000000000000e+00
-2.424519687146489133e+00,-1.866735309961039757e+00,0.000000000000000000e+00
-1.538422334136309244e+00,-1.887370873474596422e+00,0.000000000000000000e+00
-2.230560110104514493e+00,-2.387319714391710423e+00,0.000000000000000000e+00
-2.363592931604186376e+00,-2.182055186914158895e+00,0.000000000000000000e+00
-2.028435857820812593e+00,-1.590243203594902122e+00,0.000000000000000000e+00
-2.408484724571004154e+00,-2.210179755084260123e+00,0.000000000000000000e+00
1.329194151788663181e+00,3.699181835742570534e+00,0.000000000000000000e+00
-2.088289044883631984e+00,-1.843780202331783302e+00,0.000000000000000000e+00
1.859191612130708826e+00,2.295857476816735687e+00,0.000000000000000000e+00
-2.217551304329928641e+00,-1.612493855741726545e+00,0.000000000000000000e+00
-2.336564058371744856e+00,-1.871336642436133957e+00,0.000000000000000000e+00
1.665721755069535792e-01,2.992574137622959984e+00,0.000000000000000000e+00
-2.301178084172039284e+00,-1.607990537813067888e+00,0.000000000000000000e+00
5.419671461231723164e-02,2.427978309789117883e+00,0.000000000000000000e+00
2.193691712999263466e+00,5.609519531140998438e-01,0.000000000000000000e+00
-1.934664138302989222e+00,-1.683742686944658118e+00,0.000000000000000000e+00
1.485396051253295546e+00,2.071636081805820151e+00,0.000000000000000000e+00
3.171973993030026584e+00,2.719851088224207736e+00,0.000000000000000000e+00
-6.474622319800449333e-03,1.051933734170527046e+00,0.000000000000000000e+00
-1.815846873178227350e+00,-2.199865332760539971e+00,0.000000000000000000e+00
3.821959625571365038e+00,2.324066129544180015e+00,0.000000000000000000e+00
-1.996369189896300522e+00,-1.791045881938791551e+00,0.000000000000000000e+00
-1.911819218691159117e+00,-2.223313559437473330e+00,0.000000000000000000e+00
2.854046765638228234e+00,1.150692441382533460e+00,0.000000000000000000e+00
-2.201670181619515443e+00,-2.052095048221947327e+00,0.000000000000000000e+00
1.322649843445166340e+00,2.394671079782400902e+00,0.000000000000000000e+00
1.150676476969243023e+00,1.452412265277424064e+00,0.000000000000000000e+00
-1.931365526158676627e+00,-1.810175709322889182e+00,0.000000000000000000e+00
2.439681349285241385e+00,2.122964061078218556e+00,0.000000000000000000e+00
1.612347894223084666e+00,-1.226548474091830876e-01,0.000000000000000000e+00
-1.851399628346774628e+00,-1.995567660321220460e+00,0.000000000000000000e+00
3.033019782738639591e+00,1.228636117454942056e+00,0.000000000000000000e+00
1.293067347658972022e+00,2.062926625395900881e+00,0.000000000000000000e+00
-2.231658698959052334e+00,-2.155823046246351460e+00,0.000000000000000000e+00
2.118066661410618057e+00,1.328701692105938026e+00,0.000000000000000000e+00
-1.901234592581385829e+00,-1.892589197644726662e+00,0.000000000000000000e+00
-2.749962715718660355e+00,-2.377365264116845900e+00,0.000000000000000000e+00
1.992661968571356912e+00,2.180561107429154433e+00,0.000000000000000000e+00
-2.129110976729846172e+00,-1.893733833809558842e+00,0.000000000000000000e+00
-1.876782370051949256e+00,-1.907424144495409202e+00,0.000000000000000000e+00
1.435668779307454956e+00,1.962213940391774436e+00,0.000000000000000000e+00
-1.847815647318789889e+00,-1.812002425871658051e+00,0.000000000000000000e+00
2.503725416830267836e+00,2.564857926859992254e+00,0.000000000000000000e+00
2.480081604502037962e+00,2.556453804299891885e+00,0.000000000000000000e+00
4.235424906832621073e-01,1.954693931822560460e+00,0.000000000000000000e+00
1.321273659617839602e+00,2.563494367963498277e+00,0.000000000000000000e+00
-1.886601469634175299e+00,-2.230310569882614224e+00,0.000000000000000000e+00
-1.829382728290730231e+00,-2.102508283132795253e+00,0.000000000000000000e+00
-2.020342470175728877e+00,-1.955778630077089408e+00,0.000000000000000000e+00
-1.987496775340791499e+00,-2.052227188600669550e+00,0.000000000000000000e+00
2.284561353407684070e+00,1.950985534094588081e+00,0.000000000000000000e+00
-1.870900372321907090e+00,-2.164518215302253079e+00,0.000000000000000000e+00
1.894757213354157033e+00,2.155543361379248957e+00,0.000000000000000000e+00
3.309951529645529966e+00,1.976978022744024566e+00,0.000000000000000000e+00
2.912613022583176559e+00,2.077924112612173690e+00,0.000000000000000000e+00
-1.819835815658179978e+00,-1.866357203170407431e+00,0.000000000000000000e+00
1.447911028584000226e+00,2.249400570908835828e+00,0.000000000000000000e+00
3.546324342779590744e+00,4.051427749393949895e-01,0.000000000000000000e+00
2.544811858890546397e+00,1.856456050142049730e+00,0.000000000000000000e+00
-2.217417300688585335e+00,-1.755806187700473586e+00,0.000000000000000000e+00
-2.058719805550720761e+00,-2.032275997017896074e+00,0.000000000000000000e+00
2.113480954101556009e+00,1.559223129157186749e+00,0.000000000000000000e+00
1.975139929225711910e+00,1.453242698027810142e+00,0.000000000000000000e+00
1.484484946427229612e+00,2.559312669496987880e+00,0.000000000000000000e+00
1.802416407338958138e+00,2.081972114351967384e+00,0.000000000000000000e+00
1.978410277337682599e+00,2.359099029871699393e+00,0.000000000000000000e+00
-2.526968452799802201e+00,-2.185898245255229799e+00,0.000000000000000000e+00
-1.684217886046193824e+00,-2.182295348867056006e+00,0.000000000000000000e+00
2.754467942454424723e+00,2.372584895561530960e+00,0.000000000000000000e+00
-1.947627104757350791e+00,-1.448018692769790228e+00,0.000000000000000000e+00
-2.043574271278526311e+00,-1.756985104694127164e+00,0.000000000000000000e+00
-1.488795407265283366e+00,-1.772530164361167282e+00,0.000000000000000000e+00
-1.584147113035559773e+00,-2.255789088491333416e+00,0.000000000000000000e+00
3.168134560572588576e+00,2.392760769035909618e+00,0.000000000000000000e+00
-1.609827065362633425e+00,-2.213786976702763365e+00,0.000000000000000000e+00
2.373570766877065807e+00,2.170895180255382861e+00,0.000000000000000000e+00
1.576502377881643158e+00,3.249362954920329116e+00,0.000000000000000000e+00
3.192445084508880981e+00,1.762302821499176497e+00,0.000000000000000000e+00
-1.926535437441117216e+00,-2.381405117418756490e+00,0.000000000000000000e+00
2.114353396943988717e+00,1.997121155991913755e+00,0.000000000000000000e+00
3.060655124327143817e+00,1.377487057018082606e+00,0.000000000000000000e+00
-2.172000210752950355e+00,-2.004546866241630809e+00,0.000000000000000000e+00
1.815734796904703297e+00,5.682710282344514141e-01,0.000000000000000000e+00
-1.650221629203037388e+00,-2.242896622643546944e+00,0.000000000000000000e+00
8.206378532337770260e-01,3.669102175841450819e+00,0.000000000000000000e+00
1.692189211726445208e+00,8.388086062385413655e-01,0.000000000000000000e+00
-1.635438235435880294e+00,-2.124312187149874909e+00,0.000000000000000000e+00
2.569180825055726647e+00,2.301530406032090248e+00,0.000000000000000000e+00
-1.179716204498122423e-01,3.275939771795904676e+00,0.000000000000000000e+00
8.290261711405573219e-01,1.831264225944883250e+00,0.000000000000000000e+00
-2.040851019929837751e+00,-1.917737615272349094e+00,0.000000000000000000e+00
-2.581661473929146133e+00,-2.226523814614890462e+00,0.000000000000000000e+00
1.493461564632588612e+00,3.325983759095510806e+00,0.000000000000000000e+00
-1.504354401387105522e+00,-2.201076204857170815e+00,0.000000000000000000e+00
-2.059824252490891183e+00,-1.949810507499885048e+00,0.000000000000000000e+00
3.016664097835293212e+00,2.530590321230549833e+00,0.000000000000000000e+00
2.703291039773525917e+00,3.477091898345364918e+00,0.000000000000000000e+00
2.602719871848772293e+00,1.646026087426197826e+00,0.000000000000000000e+00
2.897306465086221028e+00,2.365279949760808798e+00,0.000000000000000000e+00
-2.071626459237578821e+00,-1.878212588452945919e+00,0.000000000000000000e+00
1.440221979729306323e+00,1.069510027224336302e+00,0.000000000000000000e+00
-1.925390923126231613e+00,-2.142361996377291966e+00,0.000000000000000000e+00
2.203800955144007201e+00,1.700975375045882920e+00,0.000000000000000000e+00
-2.173864139577658783e+00,-2.124016277339258352e+00,0.000000000000000000e+00
1.284897833021391822e+00,3.894606759989234224e+00,0.000000000000000000e+00
-1.533155064792088407e+00,-1.818266485636513163e+00,0.000000000000000000e+00
-1.995165753090476057e+00,-1.808245043956170583e+00,0.000000000000000000e+00
2.835517665735993287e+00,2.140133972736933288e+00,0.000000000000000000e+00
1.648124932131100229e+00,2.340169918950464112e+00,0.000000000000000000e+00
-1.594314799765980784e+00,-2.511996924877099246e+00,0.000000000000000000e+00
1.961037966106010000e+00,3.433224877279505094e+00,0.000000000000000000e+00
1.707827959953893693e+00,3.121510213726467864e+00,0.000000000000000000e+00
3.218074124828176785e+00,2.368248864680991606e+00,0.000000000000000000e+00
2.876503758815555756e+00,1.752338690223470330e+00,0.000000000000000000e+00
-2.333667962219259095e+00,-2.438403668066635888e+00,0.000000000000000000e+00
1.100691254816850151e-01,2.271987367195116292e+00,0.000000000000000000e+00
1.781805838385664975e+00,1.477263033598248398e+00,0.000000000000000000e+00
2.056815824215610267e+00,2.737260185111544786e+00,0.000000000000000000e+00
1.323603478025540792e+00,2.326725349171568702e+00,0.000000000000000000e+00
1.135844939842171719e+00,1.654353905010002901e+00,0.000000000000000000e+00
1.738868490124485078e+00,1.753746809333754708e+00,0.000000000000000000e+00
1.325593034398187875e+00,8.979969948541461910e-01,0.000000000000000000e+00
2.439116011723852395e+00,1.584120580499266628e+00,0.000000000000000000e+00
-2.298899238656948452e+00,-2.125201427017199052e+00,0.000000000000000000e+00
5.453359135716315809e-01,2.670117174517376846e+00,0.000000000000000000e+00
1.752805395130435429e+00,3.206823233256707262e+00,0.000000000000000000e+00
-1.990927486439651783e+00,-1.354053956119179336e+00,0.000000000000000000e+00
1.282884337486407400e-01,2.557757445583236144e+00,0.000000000000000000e+00
1.940096603074536352e+00,2.094956511106692343e+00,0.000000000000000000e+00
2.067123013353194594e+00,2.756997920456166540e+00,0.000000000000000000e+00
-2.064246984533533613e+00,-2.660607627201724945e+00,0.000000000000000000e+00
7.182496047860535970e-01,7.235382361194981904e-01,0.000000000000000000e+00
-1.853180285411105022e+00,-1.915052589983634368e+00,0.000000000000000000e+00
-1.905188392738415226e+00,-2.173148621163794925e+00,0.000000000000000000e+00
1.075836761832925426e+00,1.229556759271213551e+00,0.000000000000000000e+00
-2.169290533741285110e+00,-1.706236160317077255e+00,0.000000000000000000e+00
1.670836846194068137e+00,1.963779885530141378e+00,0.000000000000000000e+00
-1.368117356389717543e+00,-1.984905289519200977e+00,0.000000000000000000e+00
1.276250574679233640e+00,2.178631988814288434e+00,0.000000000000000000e+00
-1.653040676131074971e+00,-2.310191245844227748e+00,0.000000000000000000e+00
3.055049089975397258e+00,1.788092590379716240e+00,0.000000000000000000e+00
2.411583706608273037e+00,2.206173104858991429e+00,0.000000000000000000e+00
-2.659999477347484209e+00,-1.840781500967928475e+00,0.000000000000000000e+00
-1.721984257277910046e+00,-2.357139425191481230e+00,0.000000000000000000e+00
-1.929005432475730863e+00,-2.071351057160054854e+00,0.000000000000000000e+00
1.429152056476720389e+00,4.733683666478603058e-01,0.000000000000000000e+00
-2.509873216117760819e+00,-2.608240720064759710e+00,0.000000000000000000e+00
2.349951397168210221e+00,1.715625247176237433e+00,0.000000000000000000e+00
-2.281405773368773371e+00,-1.908940520302408572e+00,0.000000000000000000e+00
3.381752440939550297e+00,1.419767236162441826e+00,0.000000000000000000e+00
9.549697504405454396e-01,5.034456111676464118e-01,0.000000000000000000e+00
-1.715261383092207881e+00,-2.142389421054236465e+00,0.000000000000000000e+00
-1.447507896655469306e+00,-1.921035564683473584e+00,0.000000000000000000e+00
6.527112856293360021e-01,1.051395787719548114e+00,0.000000000000000000e+00
1.427379157331988058e+00,1.035288227686339990e+00,0.000000000000000000e+00
2.830885752193348814e+00,1.643528707394164234e+00,0.000000000000000000e+00
4.431742317054159219e-01,3.449608628543868960e+00,0.000000000000000000e+00
-1.485325778877432334e+00,-2.462002044034810488e+00,0.000000000000000000e+00
-1.743437531744581381e+00,-1.783851767787032472e+00,0.000000000000000000e+00
-1.903031364465019415e+00,-1.958096748553783684e+00,0.000000000000000000e+00
1.088155478208744142e+00,2.113443912425540194e+00,0.000000000000000000e+00
-2.542388498774243111e+00,-2.103374386009336572e+00,0.000000000000000000e+00
1.056183635037740931e+00,7.251176792387405978e-01,0.000000000000000000e+00
2.025827408642542071e+00,1.485689953094619709e+00,0.000000000000000000e+00
-1.932953535418580948e+00,-2.143929353784910230e+00,0.000000000000000000e+00
1.807513469172173259e+00,9.338410845483031686e-01,0.000000000000000000e+00
1.054274239977407879e+00,2.302136709358859612e+00,0.000000000000000000e+00
1.731819639637087738e+00,7.647556401652755298e-01,0.000000000000000000e+00
8.328453207778971912e-01,1.073218513296025911e+00,0.000000000000000000e+00
-2.040881545372194683e+00,-1.566138463878679943e+00,0.000000000000000000e+00
-1.701587092601634765e+00,-2.208015466813052274e+00,0.000000000000000000e+00
9.898859725716198099e-01,2.081975756069502914e+00,0.000000000000000000e+00
2.243893638429088178e+00,1.194661813099855863e+00,0.000000000000000000e+00
-2.263311243825905095e+00,-2.227104606251615770e+00,0.000000000000000000e+00
-2.030020131137398653e+00,-2.027344697269638285e+00,0.000000000000000000e+00
-1.923208234339056188e+00,-2.051303397813388329e+00,0.000000000000000000e+00
-3.836763733478769645e+00,-5.766297102148504550e+00,1.000000000000000000e+00
-4.413776820198647144e-01,2.699207150305774405e+00,1.000000000000000000e+00
-9.575567449472703885e-01,-1.748748219866111953e-01,1.000000000000000000e+00
-5.846630224912695795e+00,-1.515407121615410801e-01,1.000000000000000000e+00
5.301679828120393623e+00,4.209541072521345129e+00,1.000000000000000000e+00
2.759573642649822744e+00,-4.695167137572300753e+00,1.000000000000000000e+00
4.726850043420974146e+00,4.285850964873954894e+00,1.000000000000000000e+00
-4.018960588857273919e+00,1.588008165881952927e+00,1.000000000000000000e+00
-5.754196646505207902e+00,-4.599152774639804875e+00,1.000000000000000000e+00
-2.203592260649515300e+00,-4.105052319900757141e+00,1.000000000000000000e+00
3.107755057926064879e+00,3.819304294369722186e+00,1.000000000000000000e+00
-1.864506108489390357e+00,-2.174414437650796561e+00,1.000000000000000000e+00
-4.660065216064075422e+00,-4.992562280135315333e+00,1.000000000000000000e+00
2.552711228266115739e+00,1.194520755091866171e+00,1.000000000000000000e+00
-5.331915844979059571e+00,-2.424326200868360814e-01,1.000000000000000000e+00
-1.179882232432174050e+00,4.175747970563694622e+00,1.000000000000000000e+00
2.614190152078545992e+00,1.224768614985894288e+00,1.000000000000000000e+00
6.286058580659670270e-01,5.389228772959651081e+00,1.000000000000000000e+00
5.840079964301622795e+00,-1.943351404205666100e+00,1.000000000000000000e+00
-3.121503851370319271e+00,3.557229047855354764e+00,1.000000000000000000e+00
-5.235762830704135062e+00,-1.624612284047506350e+00,1.000000000000000000e+00
-5.159726368505970662e+00,-2.167587515389080011e+00,1.000000000000000000e+00
-5.155408858716517884e+00,-2.516835994376255492e+00,1.000000000000000000e+00
3.481213481205474025e+00,4.864803849600860985e+00,1.000000000000000000e+00
3.511456620959114261e+00,7.418245217385406320e-01,1.000000000000000000e+00
1.392220620871816195e+00,-1.662197493561578199e+00,1.000000000000000000e+00
-3.974192416974566378e+00,-7.651087960180689151e-01,1.000000000000000000e+00
2.793904036178114225e+00,-5.245348513671594048e+00,1.000000000000000000e+00
-5.751204253425944657e+00,3.246576796980228607e+00,1.000000000000000000e+00
-2.400575886833347994e+00,2.413971300522202768e+00,1.000000000000000000e+00
2.816012650854020194e+00,5.194855526248151278e+00,1.000000000000000000e+00
-1.196058804938298969e+00,-1.698744859822125086e+00,1.000000000000000000e+00
3.678801491132652757e+00,3.173893158533656944e+00,1.000000000000000000e+00
1.831376878987007295e+00,3.731598887460808811e+00,1.000000000000000000e+00
1.706578304892660825e+00,5.489328633911462418e+00,1.000000000000000000e+00
-1.993506942586892094e+00,2.859031474184074995e+00,1.000000000000000000e+00
5.397999668846173549e+00,-1.987630150065120560e+00,1.000000000000000000e+00
1.339583960817773090e+00,-1.611957989074163322e+00,1.000000000000000000e+00
-4.615165033523940252e-01,-5.099976082695411250e+00,1.000000000000000000e+00
-5.767879652421088466e+00,3.115793610626083066e+00,1.000000000000000000e+00
-5.668900260960292314e-01,1.474008091835875334e+00,1.000000000000000000e+00
2.879418213574735930e+00,-9.760388378179101210e-01,1.000000000000000000e+00
-1.588588499188200664e+00,-3.971654272910971617e+00,1.000000000000000000e+00
3.526468879617684848e+00,3.996448903013128273e+00,1.000000000000000000e+00
2.810555847664236495e+00,4.503534960284195421e+00,1.000000000000000000e+00
1.776677303709761624e+00,2.352794097247887350e+00,1.000000000000000000e+00
-3.683783036800828636e+00,3.211586819271698090e+00,1.000000000000000000e+00
-1.991005268371931258e+00,-7.444895272466602876e-01,1.000000000000000000e+00
-2.173557122897098903e+00,8.194760271271954721e-01,1.000000000000000000e+00
1.904308217197061559e+00,9.067024926628146630e-01,1.000000000000000000e+00
